-- phpMyAdmin SQL Dump
-- version 4.2.11
-- http://www.phpmyadmin.net
--
-- Host: 127.0.0.1
-- Generation Time: Jun 04, 2015 at 04:26 PM
-- Server version: 5.6.21
-- PHP Version: 5.6.3

SET SQL_MODE = "NO_AUTO_VALUE_ON_ZERO";
SET time_zone = "+00:00";


/*!40101 SET @OLD_CHARACTER_SET_CLIENT=@@CHARACTER_SET_CLIENT */;
/*!40101 SET @OLD_CHARACTER_SET_RESULTS=@@CHARACTER_SET_RESULTS */;
/*!40101 SET @OLD_COLLATION_CONNECTION=@@COLLATION_CONNECTION */;
/*!40101 SET NAMES utf8 */;

--
-- Database: `db_zero`
--

-- --------------------------------------------------------

--
-- Table structure for table `tb_categories`
--

CREATE TABLE IF NOT EXISTS `tb_categories` (
`id_categories` int(5) NOT NULL,
  `name_categories` varchar(50) NOT NULL,
  `column` int(5) NOT NULL,
  `active` int(5) NOT NULL
) ENGINE=InnoDB AUTO_INCREMENT=8 DEFAULT CHARSET=latin1;

--
-- Dumping data for table `tb_categories`
--

INSERT INTO `tb_categories` (`id_categories`, `name_categories`, `column`, `active`) VALUES
(6, 'coba', 1, 0),
(7, 'akhira', 2, 0);

-- --------------------------------------------------------

--
-- Table structure for table `tb_comment`
--

CREATE TABLE IF NOT EXISTS `tb_comment` (
`id_comment` int(5) NOT NULL,
  `id_content` int(5) NOT NULL,
  `name_user` varchar(50) NOT NULL,
  `email` varchar(50) NOT NULL,
  `website` varchar(50) NOT NULL,
  `comment` text NOT NULL,
  `date` date NOT NULL,
  `read_c` int(5) NOT NULL,
  `active` int(5) NOT NULL
) ENGINE=InnoDB AUTO_INCREMENT=4 DEFAULT CHARSET=latin1;

--
-- Dumping data for table `tb_comment`
--

INSERT INTO `tb_comment` (`id_comment`, `id_content`, `name_user`, `email`, `website`, `comment`, `date`, `read_c`, `active`) VALUES
(2, 9, 'aa a a', 'sdsd@ffff', 'dsdsdsd', 'ssdsdd', '2015-06-03', 1, 0),
(3, 8, 'ffffffff', 'ffffffff@fffff.kkk', 'ffffffff', 'ffffffff', '2015-06-25', 1, 1);

-- --------------------------------------------------------

--
-- Table structure for table `tb_content`
--

CREATE TABLE IF NOT EXISTS `tb_content` (
`id_content` int(11) NOT NULL,
  `id_categories` int(11) NOT NULL,
  `judul` varchar(255) NOT NULL,
  `isi` text NOT NULL,
  `image_top` varchar(255) NOT NULL,
  `date` date NOT NULL,
  `act_comment` int(5) NOT NULL,
  `active` int(5) NOT NULL,
  `views` int(5) NOT NULL
) ENGINE=InnoDB AUTO_INCREMENT=16 DEFAULT CHARSET=latin1;

--
-- Dumping data for table `tb_content`
--

INSERT INTO `tb_content` (`id_content`, `id_categories`, `judul`, `isi`, `image_top`, `date`, `act_comment`, `active`, `views`) VALUES
(1, 6, 'judl jadul', '<p>saf egsre grh wh hre</p>', '', '2015-06-10', 1, 0, 0),
(8, 6, 'juduldsd sdf sdfsdfs s fds PART II', '<p>saff a fwefawfa</p>', '58368571411012375_1017833051578291_4192543475728799516_n.jpg', '2015-06-02', 1, 0, 0),
(9, 6, 'sapi', '<p>sudah</p>', '9219800401ACHelsea.png', '2015-06-01', 1, 1, 0),
(10, 7, 'akhir', '<p>ok akhir</p>', 'default.jpg', '2015-06-11', 1, 1, 0),
(11, 7, 'okhir dua', '<p>ss fsdf sdfsdfsdf sd f<img src="http://kumbang.asu.dd/view-data/iamges_kota.png" alt="f" width="45" height="45" /></p>', 'default.jpg', '2015-06-17', 1, 1, 0),
(12, 6, 'efef ege ', '<p>e rger ge geg erger er</p>', 'default.jpg', '2015-06-03', 1, 1, 0),
(13, 6, 'ok ok ok', '<p>sa fwfw fw gw4 g45g45g45g 45g erg reg se gs drsg rsd<img src=\\"../../asset/public/images/20942711830dd.png\\" alt=\\"\\" width=\\"197\\" height=\\"259\\" /></p>', 'default.jpg', '2015-06-08', 1, 1, 0),
(14, 6, 'zzzscsc scs cs', '<p><img src="../../../asset/public/images/20942711830dd.png" alt="" width="197" height="259" /><img src="../asset/public/images/20942711830dd.png\\\\" alt="\\\\" width="\\\\" height="\\\\" /><img src="\\\\" alt="\\\\" width="\\\\" height="\\\\" /><img src="\\\\" alt="\\\\" width="\\\\" height="\\\\" />r grg ergrege ge ge</p>', 'default.jpg', '2015-06-02', 1, 1, 0),
(15, 6, 'judulku', '<p><img src="../../asset/public/images/20942711830dd.png" alt="" width="197" height="259" />s fewfewf wee g<img src="../../../asset/public/images/20942711830dd.png" alt="" width="197" height="259" />wegewg wegwe we</p>', '28071231311012375_1017833051578291_4192543475728799516_n.jpg', '2015-06-10', 1, 1, 0);

-- --------------------------------------------------------

--
-- Table structure for table `tb_login`
--

CREATE TABLE IF NOT EXISTS `tb_login` (
  `id_login` int(5) NOT NULL,
  `email` varchar(50) NOT NULL,
  `password` varchar(255) NOT NULL,
  `ptime_requested` datetime NOT NULL,
  `pass_activation` varchar(255) NOT NULL,
  `code` int(5) NOT NULL
) ENGINE=InnoDB DEFAULT CHARSET=latin1;

--
-- Dumping data for table `tb_login`
--

INSERT INTO `tb_login` (`id_login`, `email`, `password`, `ptime_requested`, `pass_activation`, `code`) VALUES
(19, '353emperor@gmail.com', '7qimOlDBriaoDtKNhSHZ4HunLxTB4ZM3yQYP7oTn9Eo', '2015-03-29 09:32:27', 'bb84ba46f9777b83b2e78ccfda3d0322', 1);

-- --------------------------------------------------------

--
-- Table structure for table `tb_replay`
--

CREATE TABLE IF NOT EXISTS `tb_replay` (
`id_replay` int(5) NOT NULL,
  `id_comment` int(5) NOT NULL,
  `id_login` int(5) NOT NULL,
  `replay` text NOT NULL,
  `date` date NOT NULL,
  `active` int(5) NOT NULL
) ENGINE=InnoDB AUTO_INCREMENT=4 DEFAULT CHARSET=latin1;

--
-- Dumping data for table `tb_replay`
--

INSERT INTO `tb_replay` (`id_replay`, `id_comment`, `id_login`, `replay`, `date`, `active`) VALUES
(2, 3, 19, 'ok', '2015-06-04', 0),
(3, 2, 19, 'ok', '2015-06-04', 0);

-- --------------------------------------------------------

--
-- Table structure for table `tb_sessions`
--

CREATE TABLE IF NOT EXISTS `tb_sessions` (
  `id` varchar(40) NOT NULL,
  `ip_address` varchar(45) NOT NULL,
  `timestamp` int(10) unsigned NOT NULL DEFAULT '0',
  `data` blob NOT NULL
) ENGINE=InnoDB DEFAULT CHARSET=latin1;

--
-- Dumping data for table `tb_sessions`
--

INSERT INTO `tb_sessions` (`id`, `ip_address`, `timestamp`, `data`) VALUES
('003e7d215b66789d4c163b137dca1c963c2c3509', '::1', 1433423013, 0x5f5f63695f6c6173745f726567656e65726174657c693a313433333432333031333b736573735f65787069726174696f6e7c693a36333037323030303b736573735f6578706972655f6f6e5f636c6f73657c623a303b7a65726f6c6f67696e7c623a313b69645f6c6f67696e7c733a323a223139223b636f64657c733a313a2231223b6e65775f65787069726174696f6e7c693a36333037323030303b6e65775f6578706972655f6f6e5f636c6f73657c623a303b726561645f636f6d6d656e746f66667c733a34333a2250346358437a51535f376e6c44424e414a7a6e4666485274475f6d63613963686166746532474c45515a67223b726561645f636f6d6d656e747c733a34333a225f4c5a5a56783359596e4e63493663723830304178786b545078444e77415f45424d78686679754d2d7273223b656469745f636f6e74656e747c733a34333a2256466644507276564e43737070715952796e647762636642386643707a6d766e7942394430587045764e73223b69645f746167656469747c733a34333a224243522d5470654b5545414d45376479754a357a495532324d5049324a39454d51436d64336b4d66695034223b69645f63617465676f726965737c733a34333a22616a594365487439315767356b774f30547a59714d33447466506d79684f38726f472d7175656e50443134223b656469745f746167636f6e74656e747c733a34333a2256466644507276564e43737070715952796e647762636642386643707a6d766e7942394430587045764e73223b),
('0f4441284726fd3e0e63106d1b98b7a80130da46', '::1', 1433422711, 0x5f5f63695f6c6173745f726567656e65726174657c693a313433333432323731313b736573735f65787069726174696f6e7c693a36333037323030303b736573735f6578706972655f6f6e5f636c6f73657c623a303b7a65726f6c6f67696e7c623a313b69645f6c6f67696e7c733a323a223139223b636f64657c733a313a2231223b6e65775f65787069726174696f6e7c693a36333037323030303b6e65775f6578706972655f6f6e5f636c6f73657c623a303b726561645f636f6d6d656e746f66667c733a34333a2250346358437a51535f376e6c44424e414a7a6e4666485274475f6d63613963686166746532474c45515a67223b726561645f636f6d6d656e747c733a34333a225f4c5a5a56783359596e4e63493663723830304178786b545078444e77415f45424d78686679754d2d7273223b656469745f636f6e74656e747c733a34333a2256466644507276564e43737070715952796e647762636642386643707a6d766e7942394430587045764e73223b69645f746167656469747c733a34333a224243522d5470654b5545414d45376479754a357a495532324d5049324a39454d51436d64336b4d66695034223b69645f63617465676f726965737c733a34333a22616a594365487439315767356b774f30547a59714d33447466506d79684f38726f472d7175656e50443134223b656469745f746167636f6e74656e747c733a34333a2256466644507276564e43737070715952796e647762636642386643707a6d766e7942394430587045764e73223b),
('25cbc012932b1a02033b47fd1ae14826039b3392', '::1', 1433426902, 0x5f5f63695f6c6173745f726567656e65726174657c693a313433333432363632353b736573735f65787069726174696f6e7c693a36333037323030303b736573735f6578706972655f6f6e5f636c6f73657c623a303b7a65726f6c6f67696e7c623a313b69645f6c6f67696e7c733a323a223139223b636f64657c733a313a2231223b6e65775f65787069726174696f6e7c693a36333037323030303b6e65775f6578706972655f6f6e5f636c6f73657c623a303b726561645f636f6d6d656e746f66667c733a34333a225f4c5a5a56783359596e4e63493663723830304178786b545078444e77415f45424d78686679754d2d7273223b726561645f636f6d6d656e747c733a34333a225f4c5a5a56783359596e4e63493663723830304178786b545078444e77415f45424d78686679754d2d7273223b656469745f636f6e74656e747c733a34333a2256466644507276564e43737070715952796e647762636642386643707a6d766e7942394430587045764e73223b69645f746167656469747c733a34333a224243522d5470654b5545414d45376479754a357a495532324d5049324a39454d51436d64336b4d66695034223b69645f63617465676f726965737c733a34333a2233426c30546d37634a373867426a624f7768366535474f4b3462437742392d326f79395a68684d74517a63223b656469745f746167636f6e74656e747c733a34333a2256466644507276564e43737070715952796e647762636642386643707a6d766e7942394430587045764e73223b),
('3013b00c05d3b65e927e7ec3c38274c919f5809b', '::1', 1433423314, 0x5f5f63695f6c6173745f726567656e65726174657c693a313433333432333331343b736573735f65787069726174696f6e7c693a36333037323030303b736573735f6578706972655f6f6e5f636c6f73657c623a303b7a65726f6c6f67696e7c623a313b69645f6c6f67696e7c733a323a223139223b636f64657c733a313a2231223b6e65775f65787069726174696f6e7c693a36333037323030303b6e65775f6578706972655f6f6e5f636c6f73657c623a303b726561645f636f6d6d656e746f66667c733a34333a2250346358437a51535f376e6c44424e414a7a6e4666485274475f6d63613963686166746532474c45515a67223b726561645f636f6d6d656e747c733a34333a225f4c5a5a56783359596e4e63493663723830304178786b545078444e77415f45424d78686679754d2d7273223b656469745f636f6e74656e747c733a34333a2256466644507276564e43737070715952796e647762636642386643707a6d766e7942394430587045764e73223b69645f746167656469747c733a34333a224243522d5470654b5545414d45376479754a357a495532324d5049324a39454d51436d64336b4d66695034223b69645f63617465676f726965737c733a34333a22616a594365487439315767356b774f30547a59714d33447466506d79684f38726f472d7175656e50443134223b656469745f746167636f6e74656e747c733a34333a2256466644507276564e43737070715952796e647762636642386643707a6d766e7942394430587045764e73223b),
('30ab2e8670a111b4ad106174da1de854556d988c', '::1', 1433420905, 0x5f5f63695f6c6173745f726567656e65726174657c693a313433333432303930353b736573735f65787069726174696f6e7c693a36333037323030303b736573735f6578706972655f6f6e5f636c6f73657c623a303b7a65726f6c6f67696e7c623a313b69645f6c6f67696e7c733a323a223139223b636f64657c733a313a2231223b6e65775f65787069726174696f6e7c693a36333037323030303b6e65775f6578706972655f6f6e5f636c6f73657c623a303b726561645f636f6d6d656e746f66667c733a34333a2250346358437a51535f376e6c44424e414a7a6e4666485274475f6d63613963686166746532474c45515a67223b726561645f636f6d6d656e747c733a34333a225f4c5a5a56783359596e4e63493663723830304178786b545078444e77415f45424d78686679754d2d7273223b656469745f636f6e74656e747c733a34333a2256466644507276564e43737070715952796e647762636642386643707a6d766e7942394430587045764e73223b69645f746167656469747c733a34333a224243522d5470654b5545414d45376479754a357a495532324d5049324a39454d51436d64336b4d66695034223b69645f63617465676f726965737c733a34333a22616a594365487439315767356b774f30547a59714d33447466506d79684f38726f472d7175656e50443134223b656469745f746167636f6e74656e747c733a34333a2256466644507276564e43737070715952796e647762636642386643707a6d766e7942394430587045764e73223b),
('3e888b5de1a40f8a170182ff4c8ff86e54ada6ef', '::1', 1433423314, 0x5f5f63695f6c6173745f726567656e65726174657c693a313433333432333331343b736573735f65787069726174696f6e7c693a36333037323030303b736573735f6578706972655f6f6e5f636c6f73657c623a303b7a65726f6c6f67696e7c623a313b69645f6c6f67696e7c733a323a223139223b636f64657c733a313a2231223b6e65775f65787069726174696f6e7c693a36333037323030303b6e65775f6578706972655f6f6e5f636c6f73657c623a303b726561645f636f6d6d656e746f66667c733a34333a2250346358437a51535f376e6c44424e414a7a6e4666485274475f6d63613963686166746532474c45515a67223b726561645f636f6d6d656e747c733a34333a225f4c5a5a56783359596e4e63493663723830304178786b545078444e77415f45424d78686679754d2d7273223b656469745f636f6e74656e747c733a34333a2256466644507276564e43737070715952796e647762636642386643707a6d766e7942394430587045764e73223b69645f746167656469747c733a34333a224243522d5470654b5545414d45376479754a357a495532324d5049324a39454d51436d64336b4d66695034223b69645f63617465676f726965737c733a34333a22616a594365487439315767356b774f30547a59714d33447466506d79684f38726f472d7175656e50443134223b656469745f746167636f6e74656e747c733a34333a2256466644507276564e43737070715952796e647762636642386643707a6d766e7942394430587045764e73223b),
('43fbbe9576ff596f0e39eb2478c2535d96994124', '::1', 1433421387, 0x5f5f63695f6c6173745f726567656e65726174657c693a313433333432313230363b736573735f65787069726174696f6e7c693a36333037323030303b736573735f6578706972655f6f6e5f636c6f73657c623a303b7a65726f6c6f67696e7c623a313b69645f6c6f67696e7c733a323a223139223b636f64657c733a313a2231223b6e65775f65787069726174696f6e7c693a36333037323030303b6e65775f6578706972655f6f6e5f636c6f73657c623a303b726561645f636f6d6d656e746f66667c733a34333a2250346358437a51535f376e6c44424e414a7a6e4666485274475f6d63613963686166746532474c45515a67223b726561645f636f6d6d656e747c733a34333a225f4c5a5a56783359596e4e63493663723830304178786b545078444e77415f45424d78686679754d2d7273223b656469745f636f6e74656e747c733a34333a2256466644507276564e43737070715952796e647762636642386643707a6d766e7942394430587045764e73223b69645f746167656469747c733a34333a224243522d5470654b5545414d45376479754a357a495532324d5049324a39454d51436d64336b4d66695034223b69645f63617465676f726965737c733a34333a22616a594365487439315767356b774f30547a59714d33447466506d79684f38726f472d7175656e50443134223b656469745f746167636f6e74656e747c733a34333a2256466644507276564e43737070715952796e647762636642386643707a6d766e7942394430587045764e73223b),
('486b06c177a218c35e903a4938c7f1cd52afcdf5', '::1', 1433424217, 0x5f5f63695f6c6173745f726567656e65726174657c693a313433333432343231373b736573735f65787069726174696f6e7c693a36333037323030303b736573735f6578706972655f6f6e5f636c6f73657c623a303b7a65726f6c6f67696e7c623a313b69645f6c6f67696e7c733a323a223139223b636f64657c733a313a2231223b6e65775f65787069726174696f6e7c693a36333037323030303b6e65775f6578706972655f6f6e5f636c6f73657c623a303b726561645f636f6d6d656e746f66667c733a34333a2250346358437a51535f376e6c44424e414a7a6e4666485274475f6d63613963686166746532474c45515a67223b726561645f636f6d6d656e747c733a34333a225f4c5a5a56783359596e4e63493663723830304178786b545078444e77415f45424d78686679754d2d7273223b656469745f636f6e74656e747c733a34333a2256466644507276564e43737070715952796e647762636642386643707a6d766e7942394430587045764e73223b69645f746167656469747c733a34333a224243522d5470654b5545414d45376479754a357a495532324d5049324a39454d51436d64336b4d66695034223b69645f63617465676f726965737c733a34333a22616a594365487439315767356b774f30547a59714d33447466506d79684f38726f472d7175656e50443134223b656469745f746167636f6e74656e747c733a34333a2256466644507276564e43737070715952796e647762636642386643707a6d766e7942394430587045764e73223b),
('48ff269bab9b235e6c72891161cb62d7c45b39c5', '::1', 1433422410, 0x5f5f63695f6c6173745f726567656e65726174657c693a313433333432323431303b736573735f65787069726174696f6e7c693a36333037323030303b736573735f6578706972655f6f6e5f636c6f73657c623a303b7a65726f6c6f67696e7c623a313b69645f6c6f67696e7c733a323a223139223b636f64657c733a313a2231223b6e65775f65787069726174696f6e7c693a36333037323030303b6e65775f6578706972655f6f6e5f636c6f73657c623a303b726561645f636f6d6d656e746f66667c733a34333a2250346358437a51535f376e6c44424e414a7a6e4666485274475f6d63613963686166746532474c45515a67223b726561645f636f6d6d656e747c733a34333a225f4c5a5a56783359596e4e63493663723830304178786b545078444e77415f45424d78686679754d2d7273223b656469745f636f6e74656e747c733a34333a2256466644507276564e43737070715952796e647762636642386643707a6d766e7942394430587045764e73223b69645f746167656469747c733a34333a224243522d5470654b5545414d45376479754a357a495532324d5049324a39454d51436d64336b4d66695034223b69645f63617465676f726965737c733a34333a22616a594365487439315767356b774f30547a59714d33447466506d79684f38726f472d7175656e50443134223b656469745f746167636f6e74656e747c733a34333a2256466644507276564e43737070715952796e647762636642386643707a6d766e7942394430587045764e73223b),
('55adadf4f35e7cd46144772c79177be226b395c5', '::1', 1433424518, 0x5f5f63695f6c6173745f726567656e65726174657c693a313433333432343531383b736573735f65787069726174696f6e7c693a36333037323030303b736573735f6578706972655f6f6e5f636c6f73657c623a303b7a65726f6c6f67696e7c623a313b69645f6c6f67696e7c733a323a223139223b636f64657c733a313a2231223b6e65775f65787069726174696f6e7c693a36333037323030303b6e65775f6578706972655f6f6e5f636c6f73657c623a303b726561645f636f6d6d656e746f66667c733a34333a2250346358437a51535f376e6c44424e414a7a6e4666485274475f6d63613963686166746532474c45515a67223b726561645f636f6d6d656e747c733a34333a225f4c5a5a56783359596e4e63493663723830304178786b545078444e77415f45424d78686679754d2d7273223b656469745f636f6e74656e747c733a34333a2256466644507276564e43737070715952796e647762636642386643707a6d766e7942394430587045764e73223b69645f746167656469747c733a34333a224243522d5470654b5545414d45376479754a357a495532324d5049324a39454d51436d64336b4d66695034223b69645f63617465676f726965737c733a34333a22616a594365487439315767356b774f30547a59714d33447466506d79684f38726f472d7175656e50443134223b656469745f746167636f6e74656e747c733a34333a2256466644507276564e43737070715952796e647762636642386643707a6d766e7942394430587045764e73223b),
('5868ee9a9148ab9666805218f016131306429113', '::1', 1433427442, 0x5f5f63695f6c6173745f726567656e65726174657c693a313433333432373232373b736573735f65787069726174696f6e7c693a36333037323030303b736573735f6578706972655f6f6e5f636c6f73657c623a303b7a65726f6c6f67696e7c623a313b69645f6c6f67696e7c733a323a223139223b636f64657c733a313a2231223b6e65775f65787069726174696f6e7c693a36333037323030303b6e65775f6578706972655f6f6e5f636c6f73657c623a303b726561645f636f6d6d656e746f66667c733a34333a225f4c5a5a56783359596e4e63493663723830304178786b545078444e77415f45424d78686679754d2d7273223b726561645f636f6d6d656e747c733a34333a225f4c5a5a56783359596e4e63493663723830304178786b545078444e77415f45424d78686679754d2d7273223b656469745f636f6e74656e747c733a34333a22624e34336f62764b7838767a4149716b753234487848396574635058503830534a34494e54507577306b6b223b69645f746167656469747c733a34333a224243522d5470654b5545414d45376479754a357a495532324d5049324a39454d51436d64336b4d66695034223b69645f63617465676f726965737c733a34333a2233426c30546d37634a373867426a624f7768366535474f4b3462437742392d326f79395a68684d74517a63223b656469745f746167636f6e74656e747c733a34333a2256466644507276564e43737070715952796e647762636642386643707a6d766e7942394430587045764e73223b),
('6705954d4eaaeb9df346f35e7b367054a63fd967', '::1', 1433425120, 0x5f5f63695f6c6173745f726567656e65726174657c693a313433333432353132303b736573735f65787069726174696f6e7c693a36333037323030303b736573735f6578706972655f6f6e5f636c6f73657c623a303b7a65726f6c6f67696e7c623a313b69645f6c6f67696e7c733a323a223139223b636f64657c733a313a2231223b6e65775f65787069726174696f6e7c693a36333037323030303b6e65775f6578706972655f6f6e5f636c6f73657c623a303b726561645f636f6d6d656e746f66667c733a34333a2250346358437a51535f376e6c44424e414a7a6e4666485274475f6d63613963686166746532474c45515a67223b726561645f636f6d6d656e747c733a34333a225f4c5a5a56783359596e4e63493663723830304178786b545078444e77415f45424d78686679754d2d7273223b656469745f636f6e74656e747c733a34333a2256466644507276564e43737070715952796e647762636642386643707a6d766e7942394430587045764e73223b69645f746167656469747c733a34333a224243522d5470654b5545414d45376479754a357a495532324d5049324a39454d51436d64336b4d66695034223b69645f63617465676f726965737c733a34333a22616a594365487439315767356b774f30547a59714d33447466506d79684f38726f472d7175656e50443134223b656469745f746167636f6e74656e747c733a34333a2256466644507276564e43737070715952796e647762636642386643707a6d766e7942394430587045764e73223b),
('694eac56e747f35634d3bddb4be53227d31e9e32', '::1', 1433427950, 0x5f5f63695f6c6173745f726567656e65726174657c693a313433333432373832393b736573735f65787069726174696f6e7c693a36333037323030303b736573735f6578706972655f6f6e5f636c6f73657c623a303b7a65726f6c6f67696e7c623a313b69645f6c6f67696e7c733a323a223139223b636f64657c733a313a2231223b6e65775f65787069726174696f6e7c693a36333037323030303b6e65775f6578706972655f6f6e5f636c6f73657c623a303b726561645f636f6d6d656e746f66667c733a34333a225f4c5a5a56783359596e4e63493663723830304178786b545078444e77415f45424d78686679754d2d7273223b726561645f636f6d6d656e747c733a34333a225f4c5a5a56783359596e4e63493663723830304178786b545078444e77415f45424d78686679754d2d7273223b656469745f636f6e74656e747c733a34333a224a71533874326430714273696e4d5f533941576958626674493645543075796f446f76574b427671555373223b69645f746167656469747c733a34333a224243522d5470654b5545414d45376479754a357a495532324d5049324a39454d51436d64336b4d66695034223b69645f63617465676f726965737c733a34333a2233426c30546d37634a373867426a624f7768366535474f4b3462437742392d326f79395a68684d74517a63223b656469745f746167636f6e74656e747c733a34333a224a71533874326430714273696e4d5f533941576958626674493645543075796f446f76574b427671555373223b),
('6a6a9fcd16aa4611db0f11518dd47983701aa2d9', '::1', 1433426324, 0x5f5f63695f6c6173745f726567656e65726174657c693a313433333432363332343b736573735f65787069726174696f6e7c693a36333037323030303b736573735f6578706972655f6f6e5f636c6f73657c623a303b7a65726f6c6f67696e7c623a313b69645f6c6f67696e7c733a323a223139223b636f64657c733a313a2231223b6e65775f65787069726174696f6e7c693a36333037323030303b6e65775f6578706972655f6f6e5f636c6f73657c623a303b726561645f636f6d6d656e746f66667c733a34333a225f4c5a5a56783359596e4e63493663723830304178786b545078444e77415f45424d78686679754d2d7273223b726561645f636f6d6d656e747c733a34333a225f4c5a5a56783359596e4e63493663723830304178786b545078444e77415f45424d78686679754d2d7273223b656469745f636f6e74656e747c733a34333a2250346358437a51535f376e6c44424e414a7a6e4666485274475f6d63613963686166746532474c45515a67223b69645f746167656469747c733a34333a224243522d5470654b5545414d45376479754a357a495532324d5049324a39454d51436d64336b4d66695034223b69645f63617465676f726965737c733a34333a2233426c30546d37634a373867426a624f7768366535474f4b3462437742392d326f79395a68684d74517a63223b656469745f746167636f6e74656e747c733a34333a2256466644507276564e43737070715952796e647762636642386643707a6d766e7942394430587045764e73223b),
('7d48d1c8410f084921ee5854a7b2cad76bae9e1a', '::1', 1433421191, 0x5f5f63695f6c6173745f726567656e65726174657c693a313433333432303930353b736573735f65787069726174696f6e7c693a36333037323030303b736573735f6578706972655f6f6e5f636c6f73657c623a303b7a65726f6c6f67696e7c623a313b69645f6c6f67696e7c733a323a223139223b636f64657c733a313a2231223b6e65775f65787069726174696f6e7c693a36333037323030303b6e65775f6578706972655f6f6e5f636c6f73657c623a303b726561645f636f6d6d656e746f66667c733a34333a2250346358437a51535f376e6c44424e414a7a6e4666485274475f6d63613963686166746532474c45515a67223b726561645f636f6d6d656e747c733a34333a225f4c5a5a56783359596e4e63493663723830304178786b545078444e77415f45424d78686679754d2d7273223b656469745f636f6e74656e747c733a34333a225f4c5a5a56783359596e4e63493663723830304178786b545078444e77415f45424d78686679754d2d7273223b69645f746167656469747c733a34333a224243522d5470654b5545414d45376479754a357a495532324d5049324a39454d51436d64336b4d66695034223b69645f63617465676f726965737c733a34333a22616a594365487439315767356b774f30547a59714d33447466506d79684f38726f472d7175656e50443134223b656469745f746167636f6e74656e747c733a34333a225f4c5a5a56783359596e4e63493663723830304178786b545078444e77415f45424d78686679754d2d7273223b),
('91206246fe584a4a6f9cd856c320a0ab24a2b8dd', '::1', 1433427215, 0x5f5f63695f6c6173745f726567656e65726174657c693a313433333432363932363b736573735f65787069726174696f6e7c693a36333037323030303b736573735f6578706972655f6f6e5f636c6f73657c623a303b7a65726f6c6f67696e7c623a313b69645f6c6f67696e7c733a323a223139223b636f64657c733a313a2231223b6e65775f65787069726174696f6e7c693a36333037323030303b6e65775f6578706972655f6f6e5f636c6f73657c623a303b726561645f636f6d6d656e746f66667c733a34333a225f4c5a5a56783359596e4e63493663723830304178786b545078444e77415f45424d78686679754d2d7273223b726561645f636f6d6d656e747c733a34333a225f4c5a5a56783359596e4e63493663723830304178786b545078444e77415f45424d78686679754d2d7273223b656469745f636f6e74656e747c733a34333a22624e34336f62764b7838767a4149716b753234487848396574635058503830534a34494e54507577306b6b223b69645f746167656469747c733a34333a224243522d5470654b5545414d45376479754a357a495532324d5049324a39454d51436d64336b4d66695034223b69645f63617465676f726965737c733a34333a2233426c30546d37634a373867426a624f7768366535474f4b3462437742392d326f79395a68684d74517a63223b656469745f746167636f6e74656e747c733a34333a2256466644507276564e43737070715952796e647762636642386643707a6d766e7942394430587045764e73223b),
('967b31187c3d165b941b08b0ed2a170297e86f22', '::1', 1433424518, 0x5f5f63695f6c6173745f726567656e65726174657c693a313433333432343531383b736573735f65787069726174696f6e7c693a36333037323030303b736573735f6578706972655f6f6e5f636c6f73657c623a303b7a65726f6c6f67696e7c623a313b69645f6c6f67696e7c733a323a223139223b636f64657c733a313a2231223b6e65775f65787069726174696f6e7c693a36333037323030303b6e65775f6578706972655f6f6e5f636c6f73657c623a303b726561645f636f6d6d656e746f66667c733a34333a2250346358437a51535f376e6c44424e414a7a6e4666485274475f6d63613963686166746532474c45515a67223b726561645f636f6d6d656e747c733a34333a225f4c5a5a56783359596e4e63493663723830304178786b545078444e77415f45424d78686679754d2d7273223b656469745f636f6e74656e747c733a34333a2256466644507276564e43737070715952796e647762636642386643707a6d766e7942394430587045764e73223b69645f746167656469747c733a34333a224243522d5470654b5545414d45376479754a357a495532324d5049324a39454d51436d64336b4d66695034223b69645f63617465676f726965737c733a34333a22616a594365487439315767356b774f30547a59714d33447466506d79684f38726f472d7175656e50443134223b656469745f746167636f6e74656e747c733a34333a2256466644507276564e43737070715952796e647762636642386643707a6d766e7942394430587045764e73223b),
('9d60320bf826f3d20e9fa95b2b9c45e6d48d1cdd', '::1', 1433423013, 0x5f5f63695f6c6173745f726567656e65726174657c693a313433333432333031333b736573735f65787069726174696f6e7c693a36333037323030303b736573735f6578706972655f6f6e5f636c6f73657c623a303b7a65726f6c6f67696e7c623a313b69645f6c6f67696e7c733a323a223139223b636f64657c733a313a2231223b6e65775f65787069726174696f6e7c693a36333037323030303b6e65775f6578706972655f6f6e5f636c6f73657c623a303b726561645f636f6d6d656e746f66667c733a34333a2250346358437a51535f376e6c44424e414a7a6e4666485274475f6d63613963686166746532474c45515a67223b726561645f636f6d6d656e747c733a34333a225f4c5a5a56783359596e4e63493663723830304178786b545078444e77415f45424d78686679754d2d7273223b656469745f636f6e74656e747c733a34333a2256466644507276564e43737070715952796e647762636642386643707a6d766e7942394430587045764e73223b69645f746167656469747c733a34333a224243522d5470654b5545414d45376479754a357a495532324d5049324a39454d51436d64336b4d66695034223b69645f63617465676f726965737c733a34333a22616a594365487439315767356b774f30547a59714d33447466506d79684f38726f472d7175656e50443134223b656469745f746167636f6e74656e747c733a34333a2256466644507276564e43737070715952796e647762636642386643707a6d766e7942394430587045764e73223b),
('a0a65aec5b3b82ba166b16d90404e951034185cd', '::1', 1433423615, 0x5f5f63695f6c6173745f726567656e65726174657c693a313433333432333631353b736573735f65787069726174696f6e7c693a36333037323030303b736573735f6578706972655f6f6e5f636c6f73657c623a303b7a65726f6c6f67696e7c623a313b69645f6c6f67696e7c733a323a223139223b636f64657c733a313a2231223b6e65775f65787069726174696f6e7c693a36333037323030303b6e65775f6578706972655f6f6e5f636c6f73657c623a303b726561645f636f6d6d656e746f66667c733a34333a2250346358437a51535f376e6c44424e414a7a6e4666485274475f6d63613963686166746532474c45515a67223b726561645f636f6d6d656e747c733a34333a225f4c5a5a56783359596e4e63493663723830304178786b545078444e77415f45424d78686679754d2d7273223b656469745f636f6e74656e747c733a34333a2256466644507276564e43737070715952796e647762636642386643707a6d766e7942394430587045764e73223b69645f746167656469747c733a34333a224243522d5470654b5545414d45376479754a357a495532324d5049324a39454d51436d64336b4d66695034223b69645f63617465676f726965737c733a34333a22616a594365487439315767356b774f30547a59714d33447466506d79684f38726f472d7175656e50443134223b656469745f746167636f6e74656e747c733a34333a2256466644507276564e43737070715952796e647762636642386643707a6d766e7942394430587045764e73223b),
('a38702d1fa4e140d7af3c34879c88da0dac2671b', '::1', 1433426073, 0x5f5f63695f6c6173745f726567656e65726174657c693a313433333432363032333b736573735f65787069726174696f6e7c693a36333037323030303b736573735f6578706972655f6f6e5f636c6f73657c623a303b7a65726f6c6f67696e7c623a313b69645f6c6f67696e7c733a323a223139223b636f64657c733a313a2231223b6e65775f65787069726174696f6e7c693a36333037323030303b6e65775f6578706972655f6f6e5f636c6f73657c623a303b726561645f636f6d6d656e746f66667c733a34333a225f4c5a5a56783359596e4e63493663723830304178786b545078444e77415f45424d78686679754d2d7273223b726561645f636f6d6d656e747c733a34333a225f4c5a5a56783359596e4e63493663723830304178786b545078444e77415f45424d78686679754d2d7273223b656469745f636f6e74656e747c733a34333a2250346358437a51535f376e6c44424e414a7a6e4666485274475f6d63613963686166746532474c45515a67223b69645f746167656469747c733a34333a224243522d5470654b5545414d45376479754a357a495532324d5049324a39454d51436d64336b4d66695034223b69645f63617465676f726965737c733a34333a2233426c30546d37634a373867426a624f7768366535474f4b3462437742392d326f79395a68684d74517a63223b656469745f746167636f6e74656e747c733a34333a2256466644507276564e43737070715952796e647762636642386643707a6d766e7942394430587045764e73223b),
('a5fbd6fdec80c5f6ccafe153b08c7c94efe54e1f', '::1', 1433425120, 0x5f5f63695f6c6173745f726567656e65726174657c693a313433333432353132303b736573735f65787069726174696f6e7c693a36333037323030303b736573735f6578706972655f6f6e5f636c6f73657c623a303b7a65726f6c6f67696e7c623a313b69645f6c6f67696e7c733a323a223139223b636f64657c733a313a2231223b6e65775f65787069726174696f6e7c693a36333037323030303b6e65775f6578706972655f6f6e5f636c6f73657c623a303b726561645f636f6d6d656e746f66667c733a34333a2250346358437a51535f376e6c44424e414a7a6e4666485274475f6d63613963686166746532474c45515a67223b726561645f636f6d6d656e747c733a34333a225f4c5a5a56783359596e4e63493663723830304178786b545078444e77415f45424d78686679754d2d7273223b656469745f636f6e74656e747c733a34333a2256466644507276564e43737070715952796e647762636642386643707a6d766e7942394430587045764e73223b69645f746167656469747c733a34333a224243522d5470654b5545414d45376479754a357a495532324d5049324a39454d51436d64336b4d66695034223b69645f63617465676f726965737c733a34333a22616a594365487439315767356b774f30547a59714d33447466506d79684f38726f472d7175656e50443134223b656469745f746167636f6e74656e747c733a34333a2256466644507276564e43737070715952796e647762636642386643707a6d766e7942394430587045764e73223b),
('a8f6965df9dea70bc04ab3c1b7076ed9786c7535', '::1', 1433425421, 0x5f5f63695f6c6173745f726567656e65726174657c693a313433333432353432313b736573735f65787069726174696f6e7c693a36333037323030303b736573735f6578706972655f6f6e5f636c6f73657c623a303b7a65726f6c6f67696e7c623a313b69645f6c6f67696e7c733a323a223139223b636f64657c733a313a2231223b6e65775f65787069726174696f6e7c693a36333037323030303b6e65775f6578706972655f6f6e5f636c6f73657c623a303b726561645f636f6d6d656e746f66667c733a34333a2250346358437a51535f376e6c44424e414a7a6e4666485274475f6d63613963686166746532474c45515a67223b726561645f636f6d6d656e747c733a34333a225f4c5a5a56783359596e4e63493663723830304178786b545078444e77415f45424d78686679754d2d7273223b656469745f636f6e74656e747c733a34333a2256466644507276564e43737070715952796e647762636642386643707a6d766e7942394430587045764e73223b69645f746167656469747c733a34333a224243522d5470654b5545414d45376479754a357a495532324d5049324a39454d51436d64336b4d66695034223b69645f63617465676f726965737c733a34333a22616a594365487439315767356b774f30547a59714d33447466506d79684f38726f472d7175656e50443134223b656469745f746167636f6e74656e747c733a34333a2256466644507276564e43737070715952796e647762636642386643707a6d766e7942394430587045764e73223b),
('daa663916022a92cc187ba4e277dd56949d056d7', '::1', 1433426023, 0x5f5f63695f6c6173745f726567656e65726174657c693a313433333432363032333b736573735f65787069726174696f6e7c693a36333037323030303b736573735f6578706972655f6f6e5f636c6f73657c623a303b7a65726f6c6f67696e7c623a313b69645f6c6f67696e7c733a323a223139223b636f64657c733a313a2231223b6e65775f65787069726174696f6e7c693a36333037323030303b6e65775f6578706972655f6f6e5f636c6f73657c623a303b726561645f636f6d6d656e746f66667c733a34333a225f4c5a5a56783359596e4e63493663723830304178786b545078444e77415f45424d78686679754d2d7273223b726561645f636f6d6d656e747c733a34333a225f4c5a5a56783359596e4e63493663723830304178786b545078444e77415f45424d78686679754d2d7273223b656469745f636f6e74656e747c733a34333a2256466644507276564e43737070715952796e647762636642386643707a6d766e7942394430587045764e73223b69645f746167656469747c733a34333a224243522d5470654b5545414d45376479754a357a495532324d5049324a39454d51436d64336b4d66695034223b69645f63617465676f726965737c733a34333a22616a594365487439315767356b774f30547a59714d33447466506d79684f38726f472d7175656e50443134223b656469745f746167636f6e74656e747c733a34333a2256466644507276564e43737070715952796e647762636642386643707a6d766e7942394430587045764e73223b),
('dd159b606027b5af2093ae9505ea9e51a5755aab', '::1', 1433425421, 0x5f5f63695f6c6173745f726567656e65726174657c693a313433333432353432313b736573735f65787069726174696f6e7c693a36333037323030303b736573735f6578706972655f6f6e5f636c6f73657c623a303b7a65726f6c6f67696e7c623a313b69645f6c6f67696e7c733a323a223139223b636f64657c733a313a2231223b6e65775f65787069726174696f6e7c693a36333037323030303b6e65775f6578706972655f6f6e5f636c6f73657c623a303b726561645f636f6d6d656e746f66667c733a34333a2250346358437a51535f376e6c44424e414a7a6e4666485274475f6d63613963686166746532474c45515a67223b726561645f636f6d6d656e747c733a34333a225f4c5a5a56783359596e4e63493663723830304178786b545078444e77415f45424d78686679754d2d7273223b656469745f636f6e74656e747c733a34333a2256466644507276564e43737070715952796e647762636642386643707a6d766e7942394430587045764e73223b69645f746167656469747c733a34333a224243522d5470654b5545414d45376479754a357a495532324d5049324a39454d51436d64336b4d66695034223b69645f63617465676f726965737c733a34333a22616a594365487439315767356b774f30547a59714d33447466506d79684f38726f472d7175656e50443134223b656469745f746167636f6e74656e747c733a34333a2256466644507276564e43737070715952796e647762636642386643707a6d766e7942394430587045764e73223b),
('e172129b5f6eda40ac25e6dc1a4d7ccbced0d31f', '::1', 1433421992, 0x5f5f63695f6c6173745f726567656e65726174657c693a313433333432313830383b736573735f65787069726174696f6e7c693a36333037323030303b736573735f6578706972655f6f6e5f636c6f73657c623a303b7a65726f6c6f67696e7c623a313b69645f6c6f67696e7c733a323a223139223b636f64657c733a313a2231223b6e65775f65787069726174696f6e7c693a36333037323030303b6e65775f6578706972655f6f6e5f636c6f73657c623a303b726561645f636f6d6d656e746f66667c733a34333a2250346358437a51535f376e6c44424e414a7a6e4666485274475f6d63613963686166746532474c45515a67223b726561645f636f6d6d656e747c733a34333a225f4c5a5a56783359596e4e63493663723830304178786b545078444e77415f45424d78686679754d2d7273223b656469745f636f6e74656e747c733a34333a2256466644507276564e43737070715952796e647762636642386643707a6d766e7942394430587045764e73223b69645f746167656469747c733a34333a224243522d5470654b5545414d45376479754a357a495532324d5049324a39454d51436d64336b4d66695034223b69645f63617465676f726965737c733a34333a22616a594365487439315767356b774f30547a59714d33447466506d79684f38726f472d7175656e50443134223b656469745f746167636f6e74656e747c733a34333a2256466644507276564e43737070715952796e647762636642386643707a6d766e7942394430587045764e73223b),
('e78b1d3febde13754bd70fb3337b38ce9ca5221f', '::1', 1433423916, 0x5f5f63695f6c6173745f726567656e65726174657c693a313433333432333931363b736573735f65787069726174696f6e7c693a36333037323030303b736573735f6578706972655f6f6e5f636c6f73657c623a303b7a65726f6c6f67696e7c623a313b69645f6c6f67696e7c733a323a223139223b636f64657c733a313a2231223b6e65775f65787069726174696f6e7c693a36333037323030303b6e65775f6578706972655f6f6e5f636c6f73657c623a303b726561645f636f6d6d656e746f66667c733a34333a2250346358437a51535f376e6c44424e414a7a6e4666485274475f6d63613963686166746532474c45515a67223b726561645f636f6d6d656e747c733a34333a225f4c5a5a56783359596e4e63493663723830304178786b545078444e77415f45424d78686679754d2d7273223b656469745f636f6e74656e747c733a34333a2256466644507276564e43737070715952796e647762636642386643707a6d766e7942394430587045764e73223b69645f746167656469747c733a34333a224243522d5470654b5545414d45376479754a357a495532324d5049324a39454d51436d64336b4d66695034223b69645f63617465676f726965737c733a34333a22616a594365487439315767356b774f30547a59714d33447466506d79684f38726f472d7175656e50443134223b656469745f746167636f6e74656e747c733a34333a2256466644507276564e43737070715952796e647762636642386643707a6d766e7942394430587045764e73223b),
('e95ed0bf2b592d3b8561827f474b8e71fcb22493', '::1', 1433427784, 0x5f5f63695f6c6173745f726567656e65726174657c693a313433333432373532383b736573735f65787069726174696f6e7c693a36333037323030303b736573735f6578706972655f6f6e5f636c6f73657c623a303b7a65726f6c6f67696e7c623a313b69645f6c6f67696e7c733a323a223139223b636f64657c733a313a2231223b6e65775f65787069726174696f6e7c693a36333037323030303b6e65775f6578706972655f6f6e5f636c6f73657c623a303b726561645f636f6d6d656e746f66667c733a34333a225f4c5a5a56783359596e4e63493663723830304178786b545078444e77415f45424d78686679754d2d7273223b726561645f636f6d6d656e747c733a34333a225f4c5a5a56783359596e4e63493663723830304178786b545078444e77415f45424d78686679754d2d7273223b656469745f636f6e74656e747c733a34333a22624e34336f62764b7838767a4149716b753234487848396574635058503830534a34494e54507577306b6b223b69645f746167656469747c733a34333a224243522d5470654b5545414d45376479754a357a495532324d5049324a39454d51436d64336b4d66695034223b69645f63617465676f726965737c733a34333a2233426c30546d37634a373867426a624f7768366535474f4b3462437742392d326f79395a68684d74517a63223b656469745f746167636f6e74656e747c733a34333a2256466644507276564e43737070715952796e647762636642386643707a6d766e7942394430587045764e73223b),
('ebc74cb040d2a7b2314c47a93f39f26e8fc2dd3e', '::1', 1433421792, 0x5f5f63695f6c6173745f726567656e65726174657c693a313433333432313530373b736573735f65787069726174696f6e7c693a36333037323030303b736573735f6578706972655f6f6e5f636c6f73657c623a303b7a65726f6c6f67696e7c623a313b69645f6c6f67696e7c733a323a223139223b636f64657c733a313a2231223b6e65775f65787069726174696f6e7c693a36333037323030303b6e65775f6578706972655f6f6e5f636c6f73657c623a303b726561645f636f6d6d656e746f66667c733a34333a2250346358437a51535f376e6c44424e414a7a6e4666485274475f6d63613963686166746532474c45515a67223b726561645f636f6d6d656e747c733a34333a225f4c5a5a56783359596e4e63493663723830304178786b545078444e77415f45424d78686679754d2d7273223b656469745f636f6e74656e747c733a34333a2256466644507276564e43737070715952796e647762636642386643707a6d766e7942394430587045764e73223b69645f746167656469747c733a34333a224243522d5470654b5545414d45376479754a357a495532324d5049324a39454d51436d64336b4d66695034223b69645f63617465676f726965737c733a34333a22616a594365487439315767356b774f30547a59714d33447466506d79684f38726f472d7175656e50443134223b656469745f746167636f6e74656e747c733a34333a2256466644507276564e43737070715952796e647762636642386643707a6d766e7942394430587045764e73223b),
('f0bfe35bf1c37a13305b9b724bf28d4cde715659', '::1', 1433422109, 0x5f5f63695f6c6173745f726567656e65726174657c693a313433333432323130393b736573735f65787069726174696f6e7c693a36333037323030303b736573735f6578706972655f6f6e5f636c6f73657c623a303b7a65726f6c6f67696e7c623a313b69645f6c6f67696e7c733a323a223139223b636f64657c733a313a2231223b6e65775f65787069726174696f6e7c693a36333037323030303b6e65775f6578706972655f6f6e5f636c6f73657c623a303b726561645f636f6d6d656e746f66667c733a34333a2250346358437a51535f376e6c44424e414a7a6e4666485274475f6d63613963686166746532474c45515a67223b726561645f636f6d6d656e747c733a34333a225f4c5a5a56783359596e4e63493663723830304178786b545078444e77415f45424d78686679754d2d7273223b656469745f636f6e74656e747c733a34333a2256466644507276564e43737070715952796e647762636642386643707a6d766e7942394430587045764e73223b69645f746167656469747c733a34333a224243522d5470654b5545414d45376479754a357a495532324d5049324a39454d51436d64336b4d66695034223b69645f63617465676f726965737c733a34333a22616a594365487439315767356b774f30547a59714d33447466506d79684f38726f472d7175656e50443134223b656469745f746167636f6e74656e747c733a34333a2256466644507276564e43737070715952796e647762636642386643707a6d766e7942394430587045764e73223b),
('f32f3fdd45c0b809b558a62a3119b222434b775b', '::1', 1433424819, 0x5f5f63695f6c6173745f726567656e65726174657c693a313433333432343831393b736573735f65787069726174696f6e7c693a36333037323030303b736573735f6578706972655f6f6e5f636c6f73657c623a303b7a65726f6c6f67696e7c623a313b69645f6c6f67696e7c733a323a223139223b636f64657c733a313a2231223b6e65775f65787069726174696f6e7c693a36333037323030303b6e65775f6578706972655f6f6e5f636c6f73657c623a303b726561645f636f6d6d656e746f66667c733a34333a2250346358437a51535f376e6c44424e414a7a6e4666485274475f6d63613963686166746532474c45515a67223b726561645f636f6d6d656e747c733a34333a225f4c5a5a56783359596e4e63493663723830304178786b545078444e77415f45424d78686679754d2d7273223b656469745f636f6e74656e747c733a34333a2256466644507276564e43737070715952796e647762636642386643707a6d766e7942394430587045764e73223b69645f746167656469747c733a34333a224243522d5470654b5545414d45376479754a357a495532324d5049324a39454d51436d64336b4d66695034223b69645f63617465676f726965737c733a34333a22616a594365487439315767356b774f30547a59714d33447466506d79684f38726f472d7175656e50443134223b656469745f746167636f6e74656e747c733a34333a2256466644507276564e43737070715952796e647762636642386643707a6d766e7942394430587045764e73223b),
('f588667ee17560f51060f231096f026b02d398df', '::1', 1433426021, 0x5f5f63695f6c6173745f726567656e65726174657c693a313433333432353732323b736573735f65787069726174696f6e7c693a36333037323030303b736573735f6578706972655f6f6e5f636c6f73657c623a303b7a65726f6c6f67696e7c623a313b69645f6c6f67696e7c733a323a223139223b636f64657c733a313a2231223b6e65775f65787069726174696f6e7c693a36333037323030303b6e65775f6578706972655f6f6e5f636c6f73657c623a303b726561645f636f6d6d656e746f66667c733a34333a225f4c5a5a56783359596e4e63493663723830304178786b545078444e77415f45424d78686679754d2d7273223b726561645f636f6d6d656e747c733a34333a225f4c5a5a56783359596e4e63493663723830304178786b545078444e77415f45424d78686679754d2d7273223b656469745f636f6e74656e747c733a34333a2256466644507276564e43737070715952796e647762636642386643707a6d766e7942394430587045764e73223b69645f746167656469747c733a34333a224243522d5470654b5545414d45376479754a357a495532324d5049324a39454d51436d64336b4d66695034223b69645f63617465676f726965737c733a34333a22616a594365487439315767356b774f30547a59714d33447466506d79684f38726f472d7175656e50443134223b656469745f746167636f6e74656e747c733a34333a2256466644507276564e43737070715952796e647762636642386643707a6d766e7942394430587045764e73223b),
('fdd9297d501fa8babae6962b50ffd7ef02a22212', '::1', 1433424819, 0x5f5f63695f6c6173745f726567656e65726174657c693a313433333432343831393b736573735f65787069726174696f6e7c693a36333037323030303b736573735f6578706972655f6f6e5f636c6f73657c623a303b7a65726f6c6f67696e7c623a313b69645f6c6f67696e7c733a323a223139223b636f64657c733a313a2231223b6e65775f65787069726174696f6e7c693a36333037323030303b6e65775f6578706972655f6f6e5f636c6f73657c623a303b726561645f636f6d6d656e746f66667c733a34333a2250346358437a51535f376e6c44424e414a7a6e4666485274475f6d63613963686166746532474c45515a67223b726561645f636f6d6d656e747c733a34333a225f4c5a5a56783359596e4e63493663723830304178786b545078444e77415f45424d78686679754d2d7273223b656469745f636f6e74656e747c733a34333a2256466644507276564e43737070715952796e647762636642386643707a6d766e7942394430587045764e73223b69645f746167656469747c733a34333a224243522d5470654b5545414d45376479754a357a495532324d5049324a39454d51436d64336b4d66695034223b69645f63617465676f726965737c733a34333a22616a594365487439315767356b774f30547a59714d33447466506d79684f38726f472d7175656e50443134223b656469745f746167636f6e74656e747c733a34333a2256466644507276564e43737070715952796e647762636642386643707a6d766e7942394430587045764e73223b);

-- --------------------------------------------------------

--
-- Table structure for table `tb_sosmed`
--

CREATE TABLE IF NOT EXISTS `tb_sosmed` (
`id_sosmed` int(5) NOT NULL,
  `name_sosmed` varchar(20) NOT NULL,
  `icon` varchar(255) NOT NULL,
  `active` int(5) NOT NULL
) ENGINE=InnoDB AUTO_INCREMENT=6 DEFAULT CHARSET=latin1;

--
-- Dumping data for table `tb_sosmed`
--

INSERT INTO `tb_sosmed` (`id_sosmed`, `name_sosmed`, `icon`, `active`) VALUES
(1, 'facebook', '<i class="fa fa-facebook-square fa-2x"></i>', 0),
(2, 'twitter', '<i class="fa fa-twitter-square fa-2x"></i>', 0),
(3, 'google-plus', '<i class="fa fa-google-plus-square fa-2x"></i>', 0),
(4, 'grgrgrg', 'kjgrgrgr', 0),
(5, 'sasa', 'asasa', 0);

-- --------------------------------------------------------

--
-- Table structure for table `tb_tag`
--

CREATE TABLE IF NOT EXISTS `tb_tag` (
`id_tag` int(5) NOT NULL,
  `name_tag` varchar(50) NOT NULL,
  `active` int(5) NOT NULL
) ENGINE=InnoDB AUTO_INCREMENT=7 DEFAULT CHARSET=latin1;

--
-- Dumping data for table `tb_tag`
--

INSERT INTO `tb_tag` (`id_tag`, `name_tag`, `active`) VALUES
(3, 'baru', 0),
(4, 'hjhkj', 0),
(5, 'sssssssssss', 0),
(6, 'program', 0);

-- --------------------------------------------------------

--
-- Table structure for table `tb_tagcont`
--

CREATE TABLE IF NOT EXISTS `tb_tagcont` (
`id_tagcont` int(5) NOT NULL,
  `id_tag` int(5) NOT NULL,
  `id_content` int(5) NOT NULL,
  `active` int(5) NOT NULL
) ENGINE=InnoDB AUTO_INCREMENT=12 DEFAULT CHARSET=latin1;

--
-- Dumping data for table `tb_tagcont`
--

INSERT INTO `tb_tagcont` (`id_tagcont`, `id_tag`, `id_content`, `active`) VALUES
(6, 4, 1, 0),
(7, 3, 9, 0),
(8, 4, 9, 0),
(9, 5, 9, 0),
(10, 3, 11, 0),
(11, 5, 11, 0);

-- --------------------------------------------------------

--
-- Table structure for table `tb_user`
--

CREATE TABLE IF NOT EXISTS `tb_user` (
`id_user` int(5) NOT NULL,
  `id_login` int(5) NOT NULL,
  `name` varchar(20) NOT NULL,
  `birthday` date NOT NULL,
  `phone` varchar(15) NOT NULL,
  `country` varchar(5) NOT NULL,
  `description` text NOT NULL,
  `photo` varchar(255) NOT NULL,
  `active` int(5) NOT NULL
) ENGINE=InnoDB AUTO_INCREMENT=2 DEFAULT CHARSET=latin1;

--
-- Dumping data for table `tb_user`
--

INSERT INTO `tb_user` (`id_user`, `id_login`, `name`, `birthday`, `phone`, `country`, `description`, `photo`, `active`) VALUES
(1, 19, 'adi setyo wicakson', '2015-05-13', '813367679640', 'ID', '<p>dsfgds fsd f gh thrt hr hrth rthok</p>', '20942711830dd.png', 0);

-- --------------------------------------------------------

--
-- Table structure for table `tb_usesos`
--

CREATE TABLE IF NOT EXISTS `tb_usesos` (
`id_usesos` int(5) NOT NULL,
  `id_login` int(5) NOT NULL,
  `id_sosmed` int(5) NOT NULL,
  `url` text NOT NULL,
  `active` int(5) NOT NULL
) ENGINE=InnoDB AUTO_INCREMENT=5 DEFAULT CHARSET=latin1;

--
-- Dumping data for table `tb_usesos`
--

INSERT INTO `tb_usesos` (`id_usesos`, `id_login`, `id_sosmed`, `url`, `active`) VALUES
(1, 19, 1, 'http://www.facebook.com/adi353', 0),
(4, 19, 3, 'Http://Www.Facebook.Com/Adi353', 1);

--
-- Indexes for dumped tables
--

--
-- Indexes for table `tb_categories`
--
ALTER TABLE `tb_categories`
 ADD PRIMARY KEY (`id_categories`);

--
-- Indexes for table `tb_comment`
--
ALTER TABLE `tb_comment`
 ADD PRIMARY KEY (`id_comment`);

--
-- Indexes for table `tb_content`
--
ALTER TABLE `tb_content`
 ADD PRIMARY KEY (`id_content`);

--
-- Indexes for table `tb_login`
--
ALTER TABLE `tb_login`
 ADD PRIMARY KEY (`id_login`);

--
-- Indexes for table `tb_replay`
--
ALTER TABLE `tb_replay`
 ADD PRIMARY KEY (`id_replay`);

--
-- Indexes for table `tb_sessions`
--
ALTER TABLE `tb_sessions`
 ADD PRIMARY KEY (`id`), ADD KEY `ci_sessions_timestamp` (`timestamp`);

--
-- Indexes for table `tb_sosmed`
--
ALTER TABLE `tb_sosmed`
 ADD PRIMARY KEY (`id_sosmed`);

--
-- Indexes for table `tb_tag`
--
ALTER TABLE `tb_tag`
 ADD PRIMARY KEY (`id_tag`);

--
-- Indexes for table `tb_tagcont`
--
ALTER TABLE `tb_tagcont`
 ADD PRIMARY KEY (`id_tagcont`);

--
-- Indexes for table `tb_user`
--
ALTER TABLE `tb_user`
 ADD PRIMARY KEY (`id_user`);

--
-- Indexes for table `tb_usesos`
--
ALTER TABLE `tb_usesos`
 ADD PRIMARY KEY (`id_usesos`);

--
-- AUTO_INCREMENT for dumped tables
--

--
-- AUTO_INCREMENT for table `tb_categories`
--
ALTER TABLE `tb_categories`
MODIFY `id_categories` int(5) NOT NULL AUTO_INCREMENT,AUTO_INCREMENT=8;
--
-- AUTO_INCREMENT for table `tb_comment`
--
ALTER TABLE `tb_comment`
MODIFY `id_comment` int(5) NOT NULL AUTO_INCREMENT,AUTO_INCREMENT=4;
--
-- AUTO_INCREMENT for table `tb_content`
--
ALTER TABLE `tb_content`
MODIFY `id_content` int(11) NOT NULL AUTO_INCREMENT,AUTO_INCREMENT=16;
--
-- AUTO_INCREMENT for table `tb_replay`
--
ALTER TABLE `tb_replay`
MODIFY `id_replay` int(5) NOT NULL AUTO_INCREMENT,AUTO_INCREMENT=4;
--
-- AUTO_INCREMENT for table `tb_sosmed`
--
ALTER TABLE `tb_sosmed`
MODIFY `id_sosmed` int(5) NOT NULL AUTO_INCREMENT,AUTO_INCREMENT=6;
--
-- AUTO_INCREMENT for table `tb_tag`
--
ALTER TABLE `tb_tag`
MODIFY `id_tag` int(5) NOT NULL AUTO_INCREMENT,AUTO_INCREMENT=7;
--
-- AUTO_INCREMENT for table `tb_tagcont`
--
ALTER TABLE `tb_tagcont`
MODIFY `id_tagcont` int(5) NOT NULL AUTO_INCREMENT,AUTO_INCREMENT=12;
--
-- AUTO_INCREMENT for table `tb_user`
--
ALTER TABLE `tb_user`
MODIFY `id_user` int(5) NOT NULL AUTO_INCREMENT,AUTO_INCREMENT=2;
--
-- AUTO_INCREMENT for table `tb_usesos`
--
ALTER TABLE `tb_usesos`
MODIFY `id_usesos` int(5) NOT NULL AUTO_INCREMENT,AUTO_INCREMENT=5;
/*!40101 SET CHARACTER_SET_CLIENT=@OLD_CHARACTER_SET_CLIENT */;
/*!40101 SET CHARACTER_SET_RESULTS=@OLD_CHARACTER_SET_RESULTS */;
/*!40101 SET COLLATION_CONNECTION=@OLD_COLLATION_CONNECTION */;
